antecedents,consequents,antecedent support,consequent support,support,confidence,lift,leverage,conviction,zhangs_metric
frozenset({'Milk'}),frozenset({'HeavyCream'}),0.3706896551724138,0.41594827586206895,0.20689655172413793,0.5581395348837209,1.3418484154717436,0.05270882877526753,1.321801270417423,0.4048230593607306
frozenset({'HeavyCream'}),frozenset({'Milk'}),0.41594827586206895,0.3706896551724138,0.20689655172413793,0.49740932642487046,1.3418484154717434,0.05270882877526753,1.2521329541414858,0.43619311193111926
